[
    {
        "type": "net",
        "batch": 64,
        "subdivisions": 16,
        "width": 416,
        "height": 416,
        "channels": 3
    },
    {
        "type": "yolo",
        "mask": "6,7,8",
        "anchors": "10,13,  16,30,  33,23,  30,61,  62,45,  59,119,  116,90,  156,198,  373,326",
        "classes": 80,
        "num": 9,
        "h": 13,
        "w": 13,
        "c": 255,
        "outputName": "Conv_367",
        "layerNum": 366
    },
    {
        "type": "yolo",
        "mask": "3,4,5",
        "anchors": "10,13,  16,30,  33,23,  30,61,  62,45,  59,119,  116,90,  156,198,  373,326",
        "classes": 80,
        "num": 9,
        "h": 26,
        "w": 26,
        "c": 255,
        "outputName": "Conv_318",
        "layerNum": 317
    },
    {
        "type": "yolo",
        "mask": "0,1,2",
        "anchors": "10,13,  16,30,  33,23,  30,61,  62,45,  59,119,  116,90,  156,198,  373,326",
        "classes": 80,
        "num": 9,
        "h": 52,
        "w": 52,
        "c": 255,
        "outputName": "Conv_269",
        "layerNum": 268
    }
]