[
    {
        "type": "net",
        "batch": 1,
        "subdivisions": 1,
        "width": 416,
        "height": 416,
        "channels": 3,
        "momentum": 0.9,
        "decay": 0.0005,
        "angle": 0,
        "saturation": 1.5,
        "exposure": 1.5,
        "hue": 0.1,
        "learning_rate": 0.001,
        "burn_in": 1000,
        "max_batches": 500200,
        "policy": "steps",
        "steps": "400000,450000",
        "scales": ".1,.1",
        "inputs": 519168,
        "layerNum": -1
    },
    {
        "type": "yolo",
        "mask": "3,4,5",
	"anchors": "15,5,26,9,30,25,51,20,53,37,95,23",
        "classes": 1,
        "num": 6,
        "jitter": 0.3,
        "ignore_thresh": 0.7,
        "truth_thresh": 1,
        "random": 1,
        "max": 90,
        "map": 0,
        "h": 13,
        "w": 13,
        "c": 18,
        "outputName": "86",
        "layerNum": 16
    },
    {
        "type": "yolo",
        "mask": "0,1,2",
	"anchors": "15,5,26,9,30,25,51,20,53,37,95,23",
        "classes": 1,
        "num": 6,
        "jitter": 0.3,
        "ignore_thresh": 0.7,
        "truth_thresh": 1,
        "random": 1,
        "max": 90,
        "map": 0,
        "h": 26,
        "w": 26,
        "c": 18,
        "outputName": "75",
        "layerNum": 23
    }
]
